"","point_id","statename","STATE_ABBR","state_fips","long","lat"
"1",26718,"washington","WA",53,-122.25,48.75
"2",26719,"washington","WA",53,-121.5,48.75
"3",26720,"washington","WA",53,-120.75,48.75
"4",26721,"washington","WA",53,-120,48.75
"5",26722,"washington","WA",53,-119.25,48.75
"6",26723,"washington","WA",53,-118.5,48.75
"7",26724,"washington","WA",53,-117.75,48.75
"8",26725,"idaho","ID",16,-117,48.75
"9",26726,"idaho","ID",16,-116.25,48.75
"10",26727,"montana","MT",30,-115.5,48.75
"11",26728,"montana","MT",30,-114.75,48.75
"12",26729,"montana","MT",30,-114,48.75
"13",26730,"montana","MT",30,-113.25,48.75
"14",26731,"montana","MT",30,-112.5,48.75
"15",26732,"montana","MT",30,-111.75,48.75
"16",26733,"montana","MT",30,-111,48.75
"17",26734,"montana","MT",30,-110.25,48.75
"18",26735,"montana","MT",30,-109.5,48.75
"19",26736,"montana","MT",30,-108.75,48.75
"20",26737,"montana","MT",30,-108,48.75
"21",26738,"montana","MT",30,-107.25,48.75
"22",26739,"montana","MT",30,-106.5,48.75
"23",26740,"montana","MT",30,-105.75,48.75
"24",26741,"montana","MT",30,-105,48.75
"25",26742,"montana","MT",30,-104.25,48.75
"26",26743,"north dakota","ND",38,-103.5,48.75
"27",26744,"north dakota","ND",38,-102.75,48.75
"28",26745,"north dakota","ND",38,-102,48.75
"29",26746,"north dakota","ND",38,-101.25,48.75
"30",26747,"north dakota","ND",38,-100.5,48.75
"31",26748,"north dakota","ND",38,-99.75,48.75
"32",26749,"north dakota","ND",38,-99,48.75
"33",26750,"north dakota","ND",38,-98.25,48.75
"34",26751,"north dakota","ND",38,-97.5,48.75
"35",26752,"minnesota","MN",27,-96.75,48.75
"36",26753,"minnesota","MN",27,-96,48.75
"37",26754,"minnesota","MN",27,-95.25,48.75
"38",27195,"washington","WA",53,-124.5,48
"39",27196,"washington","WA",53,-123.75,48
"40",27197,"washington","WA",53,-123,48
"41",27199,"washington","WA",53,-121.5,48
"42",27200,"washington","WA",53,-120.75,48
"43",27201,"washington","WA",53,-120,48
"44",27202,"washington","WA",53,-119.25,48
"45",27203,"washington","WA",53,-118.5,48
"46",27204,"washington","WA",53,-117.75,48
"47",27205,"idaho","ID",16,-117,48
"48",27206,"idaho","ID",16,-116.25,48
"49",27207,"montana","MT",30,-115.5,48
"50",27208,"montana","MT",30,-114.75,48
"51",27209,"montana","MT",30,-114,48
"52",27210,"montana","MT",30,-113.25,48
"53",27211,"montana","MT",30,-112.5,48
"54",27212,"montana","MT",30,-111.75,48
"55",27213,"montana","MT",30,-111,48
"56",27214,"montana","MT",30,-110.25,48
"57",27215,"montana","MT",30,-109.5,48
"58",27216,"montana","MT",30,-108.75,48
"59",27217,"montana","MT",30,-108,48
"60",27218,"montana","MT",30,-107.25,48
"61",27219,"montana","MT",30,-106.5,48
"62",27220,"montana","MT",30,-105.75,48
"63",27221,"montana","MT",30,-105,48
"64",27222,"montana","MT",30,-104.25,48
"65",27223,"north dakota","ND",38,-103.5,48
"66",27224,"north dakota","ND",38,-102.75,48
"67",27225,"north dakota","ND",38,-102,48
"68",27226,"north dakota","ND",38,-101.25,48
"69",27227,"north dakota","ND",38,-100.5,48
"70",27228,"north dakota","ND",38,-99.75,48
"71",27229,"north dakota","ND",38,-99,48
"72",27230,"north dakota","ND",38,-98.25,48
"73",27231,"north dakota","ND",38,-97.5,48
"74",27232,"minnesota","MN",27,-96.75,48
"75",27233,"minnesota","MN",27,-96,48
"76",27234,"minnesota","MN",27,-95.25,48
"77",27235,"minnesota","MN",27,-94.5,48
"78",27236,"minnesota","MN",27,-93.75,48
"79",27237,"minnesota","MN",27,-93,48
"80",27238,"minnesota","MN",27,-92.25,48
"81",27239,"minnesota","MN",27,-91.5,48
"82",27240,"minnesota","MN",27,-90.75,48
"83",27241,"minnesota","MN",27,-90,48
"84",27676,"washington","WA",53,-123.75,47.25
"85",27677,"washington","WA",53,-123,47.25
"86",27678,"washington","WA",53,-122.25,47.25
"87",27679,"washington","WA",53,-121.5,47.25
"88",27680,"washington","WA",53,-120.75,47.25
"89",27681,"washington","WA",53,-120,47.25
"90",27682,"washington","WA",53,-119.25,47.25
"91",27683,"washington","WA",53,-118.5,47.25
"92",27684,"washington","WA",53,-117.75,47.25
"93",27685,"idaho","ID",16,-117,47.25
"94",27686,"idaho","ID",16,-116.25,47.25
"95",27687,"idaho","ID",16,-115.5,47.25
"96",27688,"montana","MT",30,-114.75,47.25
"97",27689,"montana","MT",30,-114,47.25
"98",27690,"montana","MT",30,-113.25,47.25
"99",27691,"montana","MT",30,-112.5,47.25
"100",27692,"montana","MT",30,-111.75,47.25
"101",27693,"montana","MT",30,-111,47.25
"102",27694,"montana","MT",30,-110.25,47.25
"103",27695,"montana","MT",30,-109.5,47.25
"104",27696,"montana","MT",30,-108.75,47.25
"105",27697,"montana","MT",30,-108,47.25
"106",27698,"montana","MT",30,-107.25,47.25
"107",27699,"montana","MT",30,-106.5,47.25
"108",27700,"montana","MT",30,-105.75,47.25
"109",27701,"montana","MT",30,-105,47.25
"110",27702,"montana","MT",30,-104.25,47.25
"111",27703,"north dakota","ND",38,-103.5,47.25
"112",27704,"north dakota","ND",38,-102.75,47.25
"113",27705,"north dakota","ND",38,-102,47.25
"114",27706,"north dakota","ND",38,-101.25,47.25
"115",27707,"north dakota","ND",38,-100.5,47.25
"116",27708,"north dakota","ND",38,-99.75,47.25
"117",27709,"north dakota","ND",38,-99,47.25
"118",27710,"north dakota","ND",38,-98.25,47.25
"119",27711,"north dakota","ND",38,-97.5,47.25
"120",27712,"minnesota","MN",27,-96.75,47.25
"121",27713,"minnesota","MN",27,-96,47.25
"122",27714,"minnesota","MN",27,-95.25,47.25
"123",27715,"minnesota","MN",27,-94.5,47.25
"124",27716,"minnesota","MN",27,-93.75,47.25
"125",27717,"minnesota","MN",27,-93,47.25
"126",27718,"minnesota","MN",27,-92.25,47.25
"127",27719,"minnesota","MN",27,-91.5,47.25
"128",27723,"michigan","MI",26,-88.5,47.25
"130",28156,"washington","WA",53,-123.75,46.5
"131",28157,"washington","WA",53,-123,46.5
"132",28158,"washington","WA",53,-122.25,46.5
"133",28159,"washington","WA",53,-121.5,46.5
"134",28160,"washington","WA",53,-120.75,46.5
"135",28161,"washington","WA",53,-120,46.5
"136",28162,"washington","WA",53,-119.25,46.5
"137",28163,"washington","WA",53,-118.5,46.5
"138",28164,"washington","WA",53,-117.75,46.5
"139",28165,"idaho","ID",16,-117,46.5
"140",28166,"idaho","ID",16,-116.25,46.5
"141",28167,"idaho","ID",16,-115.5,46.5
"142",28168,"idaho","ID",16,-114.75,46.5
"143",28169,"montana","MT",30,-114,46.5
"144",28170,"montana","MT",30,-113.25,46.5
"145",28171,"montana","MT",30,-112.5,46.5
"146",28172,"montana","MT",30,-111.75,46.5
"147",28173,"montana","MT",30,-111,46.5
"148",28174,"montana","MT",30,-110.25,46.5
"149",28175,"montana","MT",30,-109.5,46.5
"150",28176,"montana","MT",30,-108.75,46.5
"151",28177,"montana","MT",30,-108,46.5
"152",28178,"montana","MT",30,-107.25,46.5
"153",28179,"montana","MT",30,-106.5,46.5
"154",28180,"montana","MT",30,-105.75,46.5
"155",28181,"montana","MT",30,-105,46.5
"156",28182,"montana","MT",30,-104.25,46.5
"157",28183,"north dakota","ND",38,-103.5,46.5
"158",28184,"north dakota","ND",38,-102.75,46.5
"159",28185,"north dakota","ND",38,-102,46.5
"160",28186,"north dakota","ND",38,-101.25,46.5
"161",28187,"north dakota","ND",38,-100.5,46.5
"162",28188,"north dakota","ND",38,-99.75,46.5
"163",28189,"north dakota","ND",38,-99,46.5
"164",28190,"north dakota","ND",38,-98.25,46.5
"165",28191,"north dakota","ND",38,-97.5,46.5
"166",28192,"north dakota","ND",38,-96.75,46.5
"167",28193,"minnesota","MN",27,-96,46.5
"168",28194,"minnesota","MN",27,-95.25,46.5
"169",28195,"minnesota","MN",27,-94.5,46.5
"170",28196,"minnesota","MN",27,-93.75,46.5
"171",28197,"minnesota","MN",27,-93,46.5
"172",28198,"wisconsin","WI",55,-92.25,46.5
"173",28199,"wisconsin","WI",55,-91.5,46.5
"174",28200,"wisconsin","WI",55,-90.75,46.5
"175",28201,"michigan","MI",26,-90,46.5
"176",28202,"michigan","MI",26,-89.25,46.5
"177",28203,"michigan","MI",26,-88.5,46.5
"178",28204,"michigan","MI",26,-87.75,46.5
"179",28205,"michigan","MI",26,-87,46.5
"180",28206,"michigan","MI",26,-86.25,46.5
"181",28207,"michigan","MI",26,-85.5,46.5
"185",28636,"oregon","OR",41,-123.75,45.75
"186",28637,"oregon","OR",41,-123,45.75
"187",28638,"washington","WA",53,-122.25,45.75
"188",28639,"washington","WA",53,-121.5,45.75
"189",28640,"washington","WA",53,-120.75,45.75
"190",28641,"oregon","OR",41,-120,45.75
"191",28642,"oregon","OR",41,-119.25,45.75
"192",28643,"oregon","OR",41,-118.5,45.75
"193",28644,"oregon","OR",41,-117.75,45.75
"194",28645,"oregon","OR",41,-117,45.75
"195",28646,"idaho","ID",16,-116.25,45.75
"196",28647,"idaho","ID",16,-115.5,45.75
"197",28648,"idaho","ID",16,-114.75,45.75
"198",28649,"montana","MT",30,-114,45.75
"199",28650,"montana","MT",30,-113.25,45.75
"200",28651,"montana","MT",30,-112.5,45.75
"201",28652,"montana","MT",30,-111.75,45.75
"202",28653,"montana","MT",30,-111,45.75
"203",28654,"montana","MT",30,-110.25,45.75
"204",28655,"montana","MT",30,-109.5,45.75
"205",28656,"montana","MT",30,-108.75,45.75
"206",28657,"montana","MT",30,-108,45.75
"207",28658,"montana","MT",30,-107.25,45.75
"208",28659,"montana","MT",30,-106.5,45.75
"209",28660,"montana","MT",30,-105.75,45.75
"210",28661,"montana","MT",30,-105,45.75
"211",28662,"montana","MT",30,-104.25,45.75
"212",28663,"south dakota","SD",46,-103.5,45.75
"213",28664,"south dakota","SD",46,-102.75,45.75
"214",28665,"south dakota","SD",46,-102,45.75
"215",28666,"south dakota","SD",46,-101.25,45.75
"216",28667,"south dakota","SD",46,-100.5,45.75
"217",28668,"south dakota","SD",46,-99.75,45.75
"218",28669,"south dakota","SD",46,-99,45.75
"219",28670,"south dakota","SD",46,-98.25,45.75
"220",28671,"south dakota","SD",46,-97.5,45.75
"221",28672,"south dakota","SD",46,-96.75,45.75
"222",28673,"minnesota","MN",27,-96,45.75
"223",28674,"minnesota","MN",27,-95.25,45.75
"224",28675,"minnesota","MN",27,-94.5,45.75
"225",28676,"minnesota","MN",27,-93.75,45.75
"226",28677,"minnesota","MN",27,-93,45.75
"227",28678,"wisconsin","WI",55,-92.25,45.75
"228",28679,"wisconsin","WI",55,-91.5,45.75
"229",28680,"wisconsin","WI",55,-90.75,45.75
"230",28681,"wisconsin","WI",55,-90,45.75
"231",28682,"wisconsin","WI",55,-89.25,45.75
"232",28683,"wisconsin","WI",55,-88.5,45.75
"233",28684,"michigan","MI",26,-87.75,45.75
"234",28688,"michigan","MI",26,-84.75,45.75
"238",29116,"oregon","OR",41,-123.75,45
"239",29117,"oregon","OR",41,-123,45
"240",29118,"oregon","OR",41,-122.25,45
"241",29119,"oregon","OR",41,-121.5,45
"242",29120,"oregon","OR",41,-120.75,45
"243",29121,"oregon","OR",41,-120,45
"244",29122,"oregon","OR",41,-119.25,45
"245",29123,"oregon","OR",41,-118.5,45
"246",29124,"oregon","OR",41,-117.75,45
"247",29125,"oregon","OR",41,-117,45
"248",29126,"idaho","ID",16,-116.25,45
"249",29127,"idaho","ID",16,-115.5,45
"250",29128,"idaho","ID",16,-114.75,45
"251",29129,"idaho","ID",16,-114,45
"252",29130,"montana","MT",30,-113.25,45
"253",29131,"montana","MT",30,-112.5,45
"254",29132,"montana","MT",30,-111.75,45
"255",29133,"montana","MT",30,-111,45
"256",29134,"montana","MT",30,-110.25,45
"257",29135,"wyoming","WY",56,-109.5,45
"258",29136,"montana","MT",30,-108.75,45
"259",29137,"montana","MT",30,-108,45
"260",29138,"wyoming","WY",56,-107.25,45
"261",29139,"wyoming","WY",56,-106.5,45
"262",29140,"wyoming","WY",56,-105.75,45
"263",29141,"wyoming","WY",56,-105,45
"264",29142,"wyoming","WY",56,-104.25,45
"265",29143,"south dakota","SD",46,-103.5,45
"266",29144,"south dakota","SD",46,-102.75,45
"267",29145,"south dakota","SD",46,-102,45
"268",29146,"south dakota","SD",46,-101.25,45
"269",29147,"south dakota","SD",46,-100.5,45
"270",29148,"south dakota","SD",46,-99.75,45
"271",29149,"south dakota","SD",46,-99,45
"272",29150,"south dakota","SD",46,-98.25,45
"273",29151,"south dakota","SD",46,-97.5,45
"274",29152,"south dakota","SD",46,-96.75,45
"275",29153,"minnesota","MN",27,-96,45
"276",29154,"minnesota","MN",27,-95.25,45
"277",29155,"minnesota","MN",27,-94.5,45
"278",29156,"minnesota","MN",27,-93.75,45
"279",29157,"minnesota","MN",27,-93,45
"280",29158,"wisconsin","WI",55,-92.25,45
"281",29159,"wisconsin","WI",55,-91.5,45
"282",29160,"wisconsin","WI",55,-90.75,45
"283",29161,"wisconsin","WI",55,-90,45
"284",29162,"wisconsin","WI",55,-89.25,45
"285",29163,"wisconsin","WI",55,-88.5,45
"286",29164,"wisconsin","WI",55,-87.75,45
"287",29168,"michigan","MI",26,-84.75,45
"288",29169,"michigan","MI",26,-84,45
"289",29183,"new york","NY",36,-73.5,45
"298",29596,"oregon","OR",41,-123.75,44.25
"299",29597,"oregon","OR",41,-123,44.25
"300",29598,"oregon","OR",41,-122.25,44.25
"301",29599,"oregon","OR",41,-121.5,44.25
"302",29600,"oregon","OR",41,-120.75,44.25
"303",29601,"oregon","OR",41,-120,44.25
"304",29602,"oregon","OR",41,-119.25,44.25
"305",29603,"oregon","OR",41,-118.5,44.25
"306",29604,"oregon","OR",41,-117.75,44.25
"307",29605,"oregon","OR",41,-117,44.25
"308",29606,"idaho","ID",16,-116.25,44.25
"309",29607,"idaho","ID",16,-115.5,44.25
"310",29608,"idaho","ID",16,-114.75,44.25
"311",29609,"idaho","ID",16,-114,44.25
"312",29610,"idaho","ID",16,-113.25,44.25
"313",29611,"idaho","ID",16,-112.5,44.25
"314",29612,"idaho","ID",16,-111.75,44.25
"315",29613,"wyoming","WY",56,-111,44.25
"316",29614,"wyoming","WY",56,-110.25,44.25
"317",29615,"wyoming","WY",56,-109.5,44.25
"318",29616,"wyoming","WY",56,-108.75,44.25
"319",29617,"wyoming","WY",56,-108,44.25
"320",29618,"wyoming","WY",56,-107.25,44.25
"321",29619,"wyoming","WY",56,-106.5,44.25
"322",29620,"wyoming","WY",56,-105.75,44.25
"323",29621,"wyoming","WY",56,-105,44.25
"324",29622,"wyoming","WY",56,-104.25,44.25
"325",29623,"south dakota","SD",46,-103.5,44.25
"326",29624,"south dakota","SD",46,-102.75,44.25
"327",29625,"south dakota","SD",46,-102,44.25
"328",29626,"south dakota","SD",46,-101.25,44.25
"329",29627,"south dakota","SD",46,-100.5,44.25
"330",29628,"south dakota","SD",46,-99.75,44.25
"331",29629,"south dakota","SD",46,-99,44.25
"332",29630,"south dakota","SD",46,-98.25,44.25
"333",29631,"south dakota","SD",46,-97.5,44.25
"334",29632,"south dakota","SD",46,-96.75,44.25
"335",29633,"minnesota","MN",27,-96,44.25
"336",29634,"minnesota","MN",27,-95.25,44.25
"337",29635,"minnesota","MN",27,-94.5,44.25
"338",29636,"minnesota","MN",27,-93.75,44.25
"339",29637,"minnesota","MN",27,-93,44.25
"340",29638,"minnesota","MN",27,-92.25,44.25
"341",29639,"wisconsin","WI",55,-91.5,44.25
"342",29640,"wisconsin","WI",55,-90.75,44.25
"343",29641,"wisconsin","WI",55,-90,44.25
"344",29642,"wisconsin","WI",55,-89.25,44.25
"345",29643,"wisconsin","WI",55,-88.5,44.25
"346",29644,"wisconsin","WI",55,-87.75,44.25
"347",29646,"michigan","MI",26,-86.25,44.25
"348",29647,"michigan","MI",26,-85.5,44.25
"349",29648,"michigan","MI",26,-84.75,44.25
"350",29649,"michigan","MI",26,-84,44.25
"351",29660,"new york","NY",36,-75.75,44.25
"352",29661,"new york","NY",36,-75,44.25
"353",29662,"new york","NY",36,-74.25,44.25
"354",29663,"new york","NY",36,-73.5,44.25
"360",30076,"oregon","OR",41,-123.75,43.5
"361",30077,"oregon","OR",41,-123,43.5
"362",30078,"oregon","OR",41,-122.25,43.5
"363",30079,"oregon","OR",41,-121.5,43.5
"364",30080,"oregon","OR",41,-120.75,43.5
"365",30081,"oregon","OR",41,-120,43.5
"366",30082,"oregon","OR",41,-119.25,43.5
"367",30083,"oregon","OR",41,-118.5,43.5
"368",30084,"oregon","OR",41,-117.75,43.5
"369",30085,"idaho","ID",16,-117,43.5
"370",30086,"idaho","ID",16,-116.25,43.5
"371",30087,"idaho","ID",16,-115.5,43.5
"372",30088,"idaho","ID",16,-114.75,43.5
"373",30089,"idaho","ID",16,-114,43.5
"374",30090,"idaho","ID",16,-113.25,43.5
"375",30091,"idaho","ID",16,-112.5,43.5
"376",30092,"idaho","ID",16,-111.75,43.5
"377",30093,"wyoming","WY",56,-111,43.5
"378",30094,"wyoming","WY",56,-110.25,43.5
"379",30095,"wyoming","WY",56,-109.5,43.5
"380",30096,"wyoming","WY",56,-108.75,43.5
"381",30097,"wyoming","WY",56,-108,43.5
"382",30098,"wyoming","WY",56,-107.25,43.5
"383",30099,"wyoming","WY",56,-106.5,43.5
"384",30100,"wyoming","WY",56,-105.75,43.5
"385",30101,"wyoming","WY",56,-105,43.5
"386",30102,"wyoming","WY",56,-104.25,43.5
"387",30103,"south dakota","SD",46,-103.5,43.5
"388",30104,"south dakota","SD",46,-102.75,43.5
"389",30105,"south dakota","SD",46,-102,43.5
"390",30106,"south dakota","SD",46,-101.25,43.5
"391",30107,"south dakota","SD",46,-100.5,43.5
"392",30108,"south dakota","SD",46,-99.75,43.5
"393",30109,"south dakota","SD",46,-99,43.5
"394",30110,"south dakota","SD",46,-98.25,43.5
"395",30111,"south dakota","SD",46,-97.5,43.5
"396",30112,"south dakota","SD",46,-96.75,43.5
"397",30113,"iowa","IA",19,-96,43.5
"398",30114,"iowa","IA",19,-95.25,43.5
"399",30115,"iowa","IA",19,-94.5,43.5
"400",30116,"iowa","IA",19,-93.75,43.5
"401",30117,"iowa","IA",19,-93,43.5
"402",30118,"iowa","IA",19,-92.25,43.5
"403",30119,"iowa","IA",19,-91.5,43.5
"404",30120,"wisconsin","WI",55,-90.75,43.5
"405",30121,"wisconsin","WI",55,-90,43.5
"406",30122,"wisconsin","WI",55,-89.25,43.5
"407",30123,"wisconsin","WI",55,-88.5,43.5
"408",30126,"michigan","MI",26,-86.25,43.5
"409",30127,"michigan","MI",26,-85.5,43.5
"410",30128,"michigan","MI",26,-84.75,43.5
"411",30129,"michigan","MI",26,-84,43.5
"412",30130,"michigan","MI",26,-83.25,43.5
"413",30140,"new york","NY",36,-75.75,43.5
"414",30141,"new york","NY",36,-75,43.5
"415",30142,"new york","NY",36,-74.25,43.5
"416",30143,"new york","NY",36,-73.5,43.5
"421",30556,"oregon","OR",41,-123.75,42.75
"422",30557,"oregon","OR",41,-123,42.75
"423",30558,"oregon","OR",41,-122.25,42.75
"424",30559,"oregon","OR",41,-121.5,42.75
"425",30560,"oregon","OR",41,-120.75,42.75
"426",30561,"oregon","OR",41,-120,42.75
"427",30562,"oregon","OR",41,-119.25,42.75
"428",30563,"oregon","OR",41,-118.5,42.75
"429",30564,"oregon","OR",41,-117.75,42.75
"430",30565,"idaho","ID",16,-117,42.75
"431",30566,"idaho","ID",16,-116.25,42.75
"432",30567,"idaho","ID",16,-115.5,42.75
"433",30568,"idaho","ID",16,-114.75,42.75
"434",30569,"idaho","ID",16,-114,42.75
"435",30570,"idaho","ID",16,-113.25,42.75
"436",30571,"idaho","ID",16,-112.5,42.75
"437",30572,"idaho","ID",16,-111.75,42.75
"438",30573,"wyoming","WY",56,-111,42.75
"439",30574,"wyoming","WY",56,-110.25,42.75
"440",30575,"wyoming","WY",56,-109.5,42.75
"441",30576,"wyoming","WY",56,-108.75,42.75
"442",30577,"wyoming","WY",56,-108,42.75
"443",30578,"wyoming","WY",56,-107.25,42.75
"444",30579,"wyoming","WY",56,-106.5,42.75
"445",30580,"wyoming","WY",56,-105.75,42.75
"446",30581,"wyoming","WY",56,-105,42.75
"447",30582,"wyoming","WY",56,-104.25,42.75
"448",30583,"nebraska","NE",31,-103.5,42.75
"449",30584,"nebraska","NE",31,-102.75,42.75
"450",30585,"nebraska","NE",31,-102,42.75
"451",30586,"nebraska","NE",31,-101.25,42.75
"452",30587,"nebraska","NE",31,-100.5,42.75
"453",30588,"nebraska","NE",31,-99.75,42.75
"454",30589,"nebraska","NE",31,-99,42.75
"455",30590,"nebraska","NE",31,-98.25,42.75
"456",30591,"nebraska","NE",31,-97.5,42.75
"457",30592,"south dakota","SD",46,-96.75,42.75
"458",30593,"iowa","IA",19,-96,42.75
"459",30594,"iowa","IA",19,-95.25,42.75
"460",30595,"iowa","IA",19,-94.5,42.75
"461",30596,"iowa","IA",19,-93.75,42.75
"462",30597,"iowa","IA",19,-93,42.75
"463",30598,"iowa","IA",19,-92.25,42.75
"464",30599,"iowa","IA",19,-91.5,42.75
"465",30600,"wisconsin","WI",55,-90.75,42.75
"466",30601,"wisconsin","WI",55,-90,42.75
"467",30602,"wisconsin","WI",55,-89.25,42.75
"468",30603,"wisconsin","WI",55,-88.5,42.75
"469",30607,"michigan","MI",26,-85.5,42.75
"470",30608,"michigan","MI",26,-84.75,42.75
"471",30609,"michigan","MI",26,-84,42.75
"472",30610,"michigan","MI",26,-83.25,42.75
"473",30616,"new york","NY",36,-78.75,42.75
"474",30617,"new york","NY",36,-78,42.75
"475",30618,"new york","NY",36,-77.25,42.75
"476",30619,"new york","NY",36,-76.5,42.75
"477",30620,"new york","NY",36,-75.75,42.75
"478",30621,"new york","NY",36,-75,42.75
"479",30622,"new york","NY",36,-74.25,42.75
"480",30623,"new york","NY",36,-73.5,42.75
"484",31036,"california","CA",6,-123.75,42
"485",31037,"california","CA",6,-123,42
"486",31038,"california","CA",6,-122.25,42
"487",31039,"california","CA",6,-121.5,42
"488",31040,"california","CA",6,-120.75,42
"489",31041,"nevada","NV",32,-120,42
"490",31042,"nevada","NV",32,-119.25,42
"491",31043,"nevada","NV",32,-118.5,42
"492",31044,"nevada","NV",32,-117.75,42
"493",31045,"nevada","NV",32,-117,42
"494",31046,"nevada","NV",32,-116.25,42
"495",31047,"nevada","NV",32,-115.5,42
"496",31048,"nevada","NV",32,-114.75,42
"497",31049,"utah","UT",49,-114,42
"498",31050,"idaho","ID",16,-113.25,42
"499",31051,"idaho","ID",16,-112.5,42
"500",31052,"utah","UT",49,-111.75,42
"501",31053,"wyoming","WY",56,-111,42
"502",31054,"wyoming","WY",56,-110.25,42
"503",31055,"wyoming","WY",56,-109.5,42
"504",31056,"wyoming","WY",56,-108.75,42
"505",31057,"wyoming","WY",56,-108,42
"506",31058,"wyoming","WY",56,-107.25,42
"507",31059,"wyoming","WY",56,-106.5,42
"508",31060,"wyoming","WY",56,-105.75,42
"509",31061,"wyoming","WY",56,-105,42
"510",31062,"wyoming","WY",56,-104.25,42
"511",31063,"nebraska","NE",31,-103.5,42
"512",31064,"nebraska","NE",31,-102.75,42
"513",31065,"nebraska","NE",31,-102,42
"514",31066,"nebraska","NE",31,-101.25,42
"515",31067,"nebraska","NE",31,-100.5,42
"516",31068,"nebraska","NE",31,-99.75,42
"517",31069,"nebraska","NE",31,-99,42
"518",31070,"nebraska","NE",31,-98.25,42
"519",31071,"nebraska","NE",31,-97.5,42
"520",31072,"nebraska","NE",31,-96.75,42
"521",31073,"iowa","IA",19,-96,42
"522",31074,"iowa","IA",19,-95.25,42
"523",31075,"iowa","IA",19,-94.5,42
"524",31076,"iowa","IA",19,-93.75,42
"525",31077,"iowa","IA",19,-93,42
"526",31078,"iowa","IA",19,-92.25,42
"527",31079,"iowa","IA",19,-91.5,42
"528",31080,"iowa","IA",19,-90.75,42
"529",31081,"illinois","IL",17,-90,42
"530",31082,"illinois","IL",17,-89.25,42
"531",31083,"illinois","IL",17,-88.5,42
"532",31084,"illinois","IL",17,-87.75,42
"533",31086,"michigan","MI",26,-86.25,42
"534",31087,"michigan","MI",26,-85.5,42
"535",31088,"michigan","MI",26,-84.75,42
"536",31089,"michigan","MI",26,-84,42
"537",31090,"michigan","MI",26,-83.25,42
"538",31094,"pennsylvania","PA",42,-80.25,42
"539",31095,"pennsylvania","PA",42,-79.5,42
"540",31096,"pennsylvania","PA",42,-78.75,42
"541",31097,"pennsylvania","PA",42,-78,42
"542",31098,"pennsylvania","PA",42,-77.25,42
"543",31099,"pennsylvania","PA",42,-76.5,42
"544",31100,"pennsylvania","PA",42,-75.75,42
"545",31101,"new york","NY",36,-75,42
"546",31102,"new york","NY",36,-74.25,42
"551",31516,"california","CA",6,-123.75,41.25
"552",31517,"california","CA",6,-123,41.25
"553",31518,"california","CA",6,-122.25,41.25
"554",31519,"california","CA",6,-121.5,41.25
"555",31520,"california","CA",6,-120.75,41.25
"556",31521,"nevada","NV",32,-120,41.25
"557",31522,"nevada","NV",32,-119.25,41.25
"558",31523,"nevada","NV",32,-118.5,41.25
"559",31524,"nevada","NV",32,-117.75,41.25
"560",31525,"nevada","NV",32,-117,41.25
"561",31526,"nevada","NV",32,-116.25,41.25
"562",31527,"nevada","NV",32,-115.5,41.25
"563",31528,"nevada","NV",32,-114.75,41.25
"564",31529,"utah","UT",49,-114,41.25
"565",31530,"utah","UT",49,-113.25,41.25
"566",31531,"utah","UT",49,-112.5,41.25
"567",31532,"utah","UT",49,-111.75,41.25
"568",31533,"wyoming","WY",56,-111,41.25
"569",31534,"wyoming","WY",56,-110.25,41.25
"570",31535,"wyoming","WY",56,-109.5,41.25
"571",31536,"wyoming","WY",56,-108.75,41.25
"572",31537,"wyoming","WY",56,-108,41.25
"573",31538,"wyoming","WY",56,-107.25,41.25
"574",31539,"wyoming","WY",56,-106.5,41.25
"575",31540,"wyoming","WY",56,-105.75,41.25
"576",31541,"wyoming","WY",56,-105,41.25
"577",31542,"wyoming","WY",56,-104.25,41.25
"578",31543,"nebraska","NE",31,-103.5,41.25
"579",31544,"nebraska","NE",31,-102.75,41.25
"580",31545,"nebraska","NE",31,-102,41.25
"581",31546,"nebraska","NE",31,-101.25,41.25
"582",31547,"nebraska","NE",31,-100.5,41.25
"583",31548,"nebraska","NE",31,-99.75,41.25
"584",31549,"nebraska","NE",31,-99,41.25
"585",31550,"nebraska","NE",31,-98.25,41.25
"586",31551,"nebraska","NE",31,-97.5,41.25
"587",31552,"nebraska","NE",31,-96.75,41.25
"588",31553,"nebraska","NE",31,-96,41.25
"589",31554,"iowa","IA",19,-95.25,41.25
"590",31555,"iowa","IA",19,-94.5,41.25
"591",31556,"iowa","IA",19,-93.75,41.25
"592",31557,"iowa","IA",19,-93,41.25
"593",31558,"iowa","IA",19,-92.25,41.25
"594",31559,"iowa","IA",19,-91.5,41.25
"595",31560,"illinois","IL",17,-90.75,41.25
"596",31561,"illinois","IL",17,-90,41.25
"597",31562,"illinois","IL",17,-89.25,41.25
"598",31563,"illinois","IL",17,-88.5,41.25
"599",31564,"illinois","IL",17,-87.75,41.25
"600",31565,"indiana","IN",18,-87,41.25
"601",31566,"indiana","IN",18,-86.25,41.25
"602",31567,"indiana","IN",18,-85.5,41.25
"603",31568,"ohio","OH",39,-84.75,41.25
"604",31569,"ohio","OH",39,-84,41.25
"605",31570,"ohio","OH",39,-83.25,41.25
"606",31571,"ohio","OH",39,-82.5,41.25
"607",31572,"ohio","OH",39,-81.75,41.25
"608",31573,"ohio","OH",39,-81,41.25
"609",31574,"pennsylvania","PA",42,-80.25,41.25
"610",31575,"pennsylvania","PA",42,-79.5,41.25
"611",31576,"pennsylvania","PA",42,-78.75,41.25
"612",31577,"pennsylvania","PA",42,-78,41.25
"613",31578,"pennsylvania","PA",42,-77.25,41.25
"614",31579,"pennsylvania","PA",42,-76.5,41.25
"615",31580,"pennsylvania","PA",42,-75.75,41.25
"616",31581,"pennsylvania","PA",42,-75,41.25
"617",31582,"new york","NY",36,-74.25,41.25
"619",31996,"california","CA",6,-123.75,40.5
"620",31997,"california","CA",6,-123,40.5
"621",31998,"california","CA",6,-122.25,40.5
"622",31999,"california","CA",6,-121.5,40.5
"623",32000,"california","CA",6,-120.75,40.5
"624",32001,"nevada","NV",32,-120,40.5
"625",32002,"nevada","NV",32,-119.25,40.5
"626",32003,"nevada","NV",32,-118.5,40.5
"627",32004,"nevada","NV",32,-117.75,40.5
"628",32005,"nevada","NV",32,-117,40.5
"629",32006,"nevada","NV",32,-116.25,40.5
"630",32007,"nevada","NV",32,-115.5,40.5
"631",32008,"nevada","NV",32,-114.75,40.5
"632",32009,"utah","UT",49,-114,40.5
"633",32010,"utah","UT",49,-113.25,40.5
"634",32011,"utah","UT",49,-112.5,40.5
"635",32012,"utah","UT",49,-111.75,40.5
"636",32013,"utah","UT",49,-111,40.5
"637",32014,"utah","UT",49,-110.25,40.5
"638",32015,"utah","UT",49,-109.5,40.5
"639",32016,"colorado","CO",8,-108.75,40.5
"640",32017,"colorado","CO",8,-108,40.5
"641",32018,"colorado","CO",8,-107.25,40.5
"642",32019,"colorado","CO",8,-106.5,40.5
"643",32020,"colorado","CO",8,-105.75,40.5
"644",32021,"colorado","CO",8,-105,40.5
"645",32022,"colorado","CO",8,-104.25,40.5
"646",32023,"colorado","CO",8,-103.5,40.5
"647",32024,"colorado","CO",8,-102.75,40.5
"648",32025,"nebraska","NE",31,-102,40.5
"649",32026,"nebraska","NE",31,-101.25,40.5
"650",32027,"nebraska","NE",31,-100.5,40.5
"651",32028,"nebraska","NE",31,-99.75,40.5
"652",32029,"nebraska","NE",31,-99,40.5
"653",32030,"nebraska","NE",31,-98.25,40.5
"654",32031,"nebraska","NE",31,-97.5,40.5
"655",32032,"nebraska","NE",31,-96.75,40.5
"656",32033,"nebraska","NE",31,-96,40.5
"657",32034,"missouri","MO",29,-95.25,40.5
"658",32035,"missouri","MO",29,-94.5,40.5
"659",32036,"missouri","MO",29,-93.75,40.5
"660",32037,"missouri","MO",29,-93,40.5
"661",32038,"missouri","MO",29,-92.25,40.5
"662",32039,"iowa","IA",19,-91.5,40.5
"663",32040,"illinois","IL",17,-90.75,40.5
"664",32041,"illinois","IL",17,-90,40.5
"665",32042,"illinois","IL",17,-89.25,40.5
"666",32043,"illinois","IL",17,-88.5,40.5
"667",32044,"illinois","IL",17,-87.75,40.5
"668",32045,"indiana","IN",18,-87,40.5
"669",32046,"indiana","IN",18,-86.25,40.5
"670",32047,"indiana","IN",18,-85.5,40.5
"671",32048,"ohio","OH",39,-84.75,40.5
"672",32049,"ohio","OH",39,-84,40.5
"673",32050,"ohio","OH",39,-83.25,40.5
"674",32051,"ohio","OH",39,-82.5,40.5
"675",32052,"ohio","OH",39,-81.75,40.5
"676",32053,"ohio","OH",39,-81,40.5
"677",32054,"pennsylvania","PA",42,-80.25,40.5
"678",32055,"pennsylvania","PA",42,-79.5,40.5
"679",32056,"pennsylvania","PA",42,-78.75,40.5
"680",32057,"pennsylvania","PA",42,-78,40.5
"681",32058,"pennsylvania","PA",42,-77.25,40.5
"682",32059,"pennsylvania","PA",42,-76.5,40.5
"683",32060,"pennsylvania","PA",42,-75.75,40.5
"685",32062,"new york","NY",36,-74.25,40.5
"686",32476,"california","CA",6,-123.75,39.75
"687",32477,"california","CA",6,-123,39.75
"688",32478,"california","CA",6,-122.25,39.75
"689",32479,"california","CA",6,-121.5,39.75
"690",32480,"california","CA",6,-120.75,39.75
"691",32481,"nevada","NV",32,-120,39.75
"692",32482,"nevada","NV",32,-119.25,39.75
"693",32483,"nevada","NV",32,-118.5,39.75
"694",32484,"nevada","NV",32,-117.75,39.75
"695",32485,"nevada","NV",32,-117,39.75
"696",32486,"nevada","NV",32,-116.25,39.75
"697",32487,"nevada","NV",32,-115.5,39.75
"698",32488,"nevada","NV",32,-114.75,39.75
"699",32489,"utah","UT",49,-114,39.75
"700",32490,"utah","UT",49,-113.25,39.75
"701",32491,"utah","UT",49,-112.5,39.75
"702",32492,"utah","UT",49,-111.75,39.75
"703",32493,"utah","UT",49,-111,39.75
"704",32494,"utah","UT",49,-110.25,39.75
"705",32495,"utah","UT",49,-109.5,39.75
"706",32496,"colorado","CO",8,-108.75,39.75
"707",32497,"colorado","CO",8,-108,39.75
"708",32498,"colorado","CO",8,-107.25,39.75
"709",32499,"colorado","CO",8,-106.5,39.75
"710",32500,"colorado","CO",8,-105.75,39.75
"711",32501,"colorado","CO",8,-105,39.75
"712",32502,"colorado","CO",8,-104.25,39.75
"713",32503,"colorado","CO",8,-103.5,39.75
"714",32504,"colorado","CO",8,-102.75,39.75
"715",32505,"kansas","KS",20,-102,39.75
"716",32506,"kansas","KS",20,-101.25,39.75
"717",32507,"kansas","KS",20,-100.5,39.75
"718",32508,"kansas","KS",20,-99.75,39.75
"719",32509,"kansas","KS",20,-99,39.75
"720",32510,"kansas","KS",20,-98.25,39.75
"721",32511,"kansas","KS",20,-97.5,39.75
"722",32512,"kansas","KS",20,-96.75,39.75
"723",32513,"kansas","KS",20,-96,39.75
"724",32514,"kansas","KS",20,-95.25,39.75
"725",32515,"missouri","MO",29,-94.5,39.75
"726",32516,"missouri","MO",29,-93.75,39.75
"727",32517,"missouri","MO",29,-93,39.75
"728",32518,"missouri","MO",29,-92.25,39.75
"729",32519,"missouri","MO",29,-91.5,39.75
"730",32520,"illinois","IL",17,-90.75,39.75
"731",32521,"illinois","IL",17,-90,39.75
"732",32522,"illinois","IL",17,-89.25,39.75
"733",32523,"illinois","IL",17,-88.5,39.75
"734",32524,"illinois","IL",17,-87.75,39.75
"735",32525,"indiana","IN",18,-87,39.75
"736",32526,"indiana","IN",18,-86.25,39.75
"737",32527,"indiana","IN",18,-85.5,39.75
"738",32528,"ohio","OH",39,-84.75,39.75
"739",32529,"ohio","OH",39,-84,39.75
"740",32530,"ohio","OH",39,-83.25,39.75
"741",32531,"ohio","OH",39,-82.5,39.75
"742",32532,"ohio","OH",39,-81.75,39.75
"743",32533,"ohio","OH",39,-81,39.75
"744",32534,"pennsylvania","PA",42,-80.25,39.75
"745",32535,"pennsylvania","PA",42,-79.5,39.75
"746",32536,"pennsylvania","PA",42,-78.75,39.75
"747",32537,"pennsylvania","PA",42,-78,39.75
"748",32538,"pennsylvania","PA",42,-77.25,39.75
"749",32539,"pennsylvania","PA",42,-76.5,39.75
"750",32540,"pennsylvania","PA",42,-75.75,39.75
"753",32957,"california","CA",6,-123,39
"754",32958,"california","CA",6,-122.25,39
"755",32959,"california","CA",6,-121.5,39
"756",32960,"california","CA",6,-120.75,39
"757",32961,"california","CA",6,-120,39
"758",32962,"nevada","NV",32,-119.25,39
"759",32963,"nevada","NV",32,-118.5,39
"760",32964,"nevada","NV",32,-117.75,39
"761",32965,"nevada","NV",32,-117,39
"762",32966,"nevada","NV",32,-116.25,39
"763",32967,"nevada","NV",32,-115.5,39
"764",32968,"nevada","NV",32,-114.75,39
"765",32969,"utah","UT",49,-114,39
"766",32970,"utah","UT",49,-113.25,39
"767",32971,"utah","UT",49,-112.5,39
"768",32972,"utah","UT",49,-111.75,39
"769",32973,"utah","UT",49,-111,39
"770",32974,"utah","UT",49,-110.25,39
"771",32975,"utah","UT",49,-109.5,39
"772",32976,"colorado","CO",8,-108.75,39
"773",32977,"colorado","CO",8,-108,39
"774",32978,"colorado","CO",8,-107.25,39
"775",32979,"colorado","CO",8,-106.5,39
"776",32980,"colorado","CO",8,-105.75,39
"777",32981,"colorado","CO",8,-105,39
"778",32982,"colorado","CO",8,-104.25,39
"779",32983,"colorado","CO",8,-103.5,39
"780",32984,"colorado","CO",8,-102.75,39
"781",32985,"kansas","KS",20,-102,39
"782",32986,"kansas","KS",20,-101.25,39
"783",32987,"kansas","KS",20,-100.5,39
"784",32988,"kansas","KS",20,-99.75,39
"785",32989,"kansas","KS",20,-99,39
"786",32990,"kansas","KS",20,-98.25,39
"787",32991,"kansas","KS",20,-97.5,39
"788",32992,"kansas","KS",20,-96.75,39
"789",32993,"kansas","KS",20,-96,39
"790",32994,"kansas","KS",20,-95.25,39
"791",32995,"missouri","MO",29,-94.5,39
"792",32996,"missouri","MO",29,-93.75,39
"793",32997,"missouri","MO",29,-93,39
"794",32998,"missouri","MO",29,-92.25,39
"795",32999,"missouri","MO",29,-91.5,39
"796",33000,"missouri","MO",29,-90.75,39
"797",33001,"illinois","IL",17,-90,39
"798",33002,"illinois","IL",17,-89.25,39
"799",33003,"illinois","IL",17,-88.5,39
"800",33004,"illinois","IL",17,-87.75,39
"801",33005,"indiana","IN",18,-87,39
"802",33006,"indiana","IN",18,-86.25,39
"803",33007,"indiana","IN",18,-85.5,39
"804",33008,"kentucky","KY",21,-84.75,39
"805",33009,"ohio","OH",39,-84,39
"806",33010,"ohio","OH",39,-83.25,39
"807",33011,"ohio","OH",39,-82.5,39
"808",33012,"west virginia","WV",54,-81.75,39
"809",33013,"west virginia","WV",54,-81,39
"810",33014,"west virginia","WV",54,-80.25,39
"811",33015,"west virginia","WV",54,-79.5,39
"812",33016,"west virginia","WV",54,-78.75,39
"813",33017,"virginia","VA",51,-78,39
"817",33438,"california","CA",6,-122.25,38.25
"818",33439,"california","CA",6,-121.5,38.25
"819",33440,"california","CA",6,-120.75,38.25
"820",33441,"california","CA",6,-120,38.25
"821",33442,"california","CA",6,-119.25,38.25
"822",33443,"nevada","NV",32,-118.5,38.25
"823",33444,"nevada","NV",32,-117.75,38.25
"824",33445,"nevada","NV",32,-117,38.25
"825",33446,"nevada","NV",32,-116.25,38.25
"826",33447,"nevada","NV",32,-115.5,38.25
"827",33448,"nevada","NV",32,-114.75,38.25
"828",33449,"utah","UT",49,-114,38.25
"829",33450,"utah","UT",49,-113.25,38.25
"830",33451,"utah","UT",49,-112.5,38.25
"831",33452,"utah","UT",49,-111.75,38.25
"832",33453,"utah","UT",49,-111,38.25
"833",33454,"utah","UT",49,-110.25,38.25
"834",33455,"utah","UT",49,-109.5,38.25
"835",33456,"colorado","CO",8,-108.75,38.25
"836",33457,"colorado","CO",8,-108,38.25
"837",33458,"colorado","CO",8,-107.25,38.25
"838",33459,"colorado","CO",8,-106.5,38.25
"839",33460,"colorado","CO",8,-105.75,38.25
"840",33461,"colorado","CO",8,-105,38.25
"841",33462,"colorado","CO",8,-104.25,38.25
"842",33463,"colorado","CO",8,-103.5,38.25
"843",33464,"colorado","CO",8,-102.75,38.25
"844",33465,"kansas","KS",20,-102,38.25
"845",33466,"kansas","KS",20,-101.25,38.25
"846",33467,"kansas","KS",20,-100.5,38.25
"847",33468,"kansas","KS",20,-99.75,38.25
"848",33469,"kansas","KS",20,-99,38.25
"849",33470,"kansas","KS",20,-98.25,38.25
"850",33471,"kansas","KS",20,-97.5,38.25
"851",33472,"kansas","KS",20,-96.75,38.25
"852",33473,"kansas","KS",20,-96,38.25
"853",33474,"kansas","KS",20,-95.25,38.25
"854",33475,"missouri","MO",29,-94.5,38.25
"855",33476,"missouri","MO",29,-93.75,38.25
"856",33477,"missouri","MO",29,-93,38.25
"857",33478,"missouri","MO",29,-92.25,38.25
"858",33479,"missouri","MO",29,-91.5,38.25
"859",33480,"missouri","MO",29,-90.75,38.25
"860",33481,"illinois","IL",17,-90,38.25
"861",33482,"illinois","IL",17,-89.25,38.25
"862",33483,"illinois","IL",17,-88.5,38.25
"863",33484,"indiana","IN",18,-87.75,38.25
"864",33485,"indiana","IN",18,-87,38.25
"865",33486,"indiana","IN",18,-86.25,38.25
"866",33487,"kentucky","KY",21,-85.5,38.25
"867",33488,"kentucky","KY",21,-84.75,38.25
"868",33489,"kentucky","KY",21,-84,38.25
"869",33490,"kentucky","KY",21,-83.25,38.25
"870",33491,"west virginia","WV",54,-82.5,38.25
"871",33492,"west virginia","WV",54,-81.75,38.25
"872",33493,"west virginia","WV",54,-81,38.25
"873",33494,"west virginia","WV",54,-80.25,38.25
"874",33495,"virginia","VA",51,-79.5,38.25
"875",33496,"virginia","VA",51,-78.75,38.25
"876",33497,"virginia","VA",51,-78,38.25
"877",33498,"virginia","VA",51,-77.25,38.25
"880",33918,"california","CA",6,-122.25,37.5
"881",33919,"california","CA",6,-121.5,37.5
"882",33920,"california","CA",6,-120.75,37.5
"883",33921,"california","CA",6,-120,37.5
"884",33922,"california","CA",6,-119.25,37.5
"885",33923,"california","CA",6,-118.5,37.5
"886",33924,"nevada","NV",32,-117.75,37.5
"887",33925,"nevada","NV",32,-117,37.5
"888",33926,"nevada","NV",32,-116.25,37.5
"889",33927,"nevada","NV",32,-115.5,37.5
"890",33928,"nevada","NV",32,-114.75,37.5
"891",33929,"utah","UT",49,-114,37.5
"892",33930,"utah","UT",49,-113.25,37.5
"893",33931,"utah","UT",49,-112.5,37.5
"894",33932,"utah","UT",49,-111.75,37.5
"895",33933,"utah","UT",49,-111,37.5
"896",33934,"utah","UT",49,-110.25,37.5
"897",33935,"utah","UT",49,-109.5,37.5
"898",33936,"colorado","CO",8,-108.75,37.5
"899",33937,"colorado","CO",8,-108,37.5
"900",33938,"colorado","CO",8,-107.25,37.5
"901",33939,"colorado","CO",8,-106.5,37.5
"902",33940,"colorado","CO",8,-105.75,37.5
"903",33941,"colorado","CO",8,-105,37.5
"904",33942,"colorado","CO",8,-104.25,37.5
"905",33943,"colorado","CO",8,-103.5,37.5
"906",33944,"colorado","CO",8,-102.75,37.5
"907",33945,"kansas","KS",20,-102,37.5
"908",33946,"kansas","KS",20,-101.25,37.5
"909",33947,"kansas","KS",20,-100.5,37.5
"910",33948,"kansas","KS",20,-99.75,37.5
"911",33949,"kansas","KS",20,-99,37.5
"912",33950,"kansas","KS",20,-98.25,37.5
"913",33951,"kansas","KS",20,-97.5,37.5
"914",33952,"kansas","KS",20,-96.75,37.5
"915",33953,"kansas","KS",20,-96,37.5
"916",33954,"kansas","KS",20,-95.25,37.5
"917",33955,"missouri","MO",29,-94.5,37.5
"918",33956,"missouri","MO",29,-93.75,37.5
"919",33957,"missouri","MO",29,-93,37.5
"920",33958,"missouri","MO",29,-92.25,37.5
"921",33959,"missouri","MO",29,-91.5,37.5
"922",33960,"missouri","MO",29,-90.75,37.5
"923",33961,"missouri","MO",29,-90,37.5
"924",33962,"illinois","IL",17,-89.25,37.5
"925",33963,"illinois","IL",17,-88.5,37.5
"926",33964,"kentucky","KY",21,-87.75,37.5
"927",33965,"kentucky","KY",21,-87,37.5
"928",33966,"kentucky","KY",21,-86.25,37.5
"929",33967,"kentucky","KY",21,-85.5,37.5
"930",33968,"kentucky","KY",21,-84.75,37.5
"931",33969,"kentucky","KY",21,-84,37.5
"932",33970,"kentucky","KY",21,-83.25,37.5
"933",33971,"kentucky","KY",21,-82.5,37.5
"934",33972,"west virginia","WV",54,-81.75,37.5
"935",33973,"west virginia","WV",54,-81,37.5
"936",33974,"virginia","VA",51,-80.25,37.5
"937",33975,"virginia","VA",51,-79.5,37.5
"938",33976,"virginia","VA",51,-78.75,37.5
"939",33977,"virginia","VA",51,-78,37.5
"940",33978,"virginia","VA",51,-77.25,37.5
"941",33979,"virginia","VA",51,-76.5,37.5
"942",33980,"virginia","VA",51,-75.75,37.5
"943",34399,"california","CA",6,-121.5,36.75
"944",34400,"california","CA",6,-120.75,36.75
"945",34401,"california","CA",6,-120,36.75
"946",34402,"california","CA",6,-119.25,36.75
"947",34403,"california","CA",6,-118.5,36.75
"948",34404,"california","CA",6,-117.75,36.75
"949",34405,"california","CA",6,-117,36.75
"950",34406,"nevada","NV",32,-116.25,36.75
"951",34407,"nevada","NV",32,-115.5,36.75
"952",34408,"nevada","NV",32,-114.75,36.75
"953",34409,"arizona","AZ",4,-114,36.75
"954",34410,"arizona","AZ",4,-113.25,36.75
"955",34411,"arizona","AZ",4,-112.5,36.75
"956",34412,"arizona","AZ",4,-111.75,36.75
"957",34413,"arizona","AZ",4,-111,36.75
"958",34414,"arizona","AZ",4,-110.25,36.75
"959",34415,"arizona","AZ",4,-109.5,36.75
"960",34416,"new mexico","NM",35,-108.75,36.75
"961",34417,"new mexico","NM",35,-108,36.75
"962",34418,"new mexico","NM",35,-107.25,36.75
"963",34419,"new mexico","NM",35,-106.5,36.75
"964",34420,"new mexico","NM",35,-105.75,36.75
"965",34421,"new mexico","NM",35,-105,36.75
"966",34422,"new mexico","NM",35,-104.25,36.75
"967",34423,"new mexico","NM",35,-103.5,36.75
"968",34424,"oklahoma","OK",40,-102.75,36.75
"969",34425,"oklahoma","OK",40,-102,36.75
"970",34426,"oklahoma","OK",40,-101.25,36.75
"971",34427,"oklahoma","OK",40,-100.5,36.75
"972",34428,"oklahoma","OK",40,-99.75,36.75
"973",34429,"oklahoma","OK",40,-99,36.75
"974",34430,"oklahoma","OK",40,-98.25,36.75
"975",34431,"oklahoma","OK",40,-97.5,36.75
"976",34432,"oklahoma","OK",40,-96.75,36.75
"977",34433,"oklahoma","OK",40,-96,36.75
"978",34434,"oklahoma","OK",40,-95.25,36.75
"979",34435,"missouri","MO",29,-94.5,36.75
"980",34436,"missouri","MO",29,-93.75,36.75
"981",34437,"missouri","MO",29,-93,36.75
"982",34438,"missouri","MO",29,-92.25,36.75
"983",34439,"missouri","MO",29,-91.5,36.75
"984",34440,"missouri","MO",29,-90.75,36.75
"985",34441,"missouri","MO",29,-90,36.75
"986",34442,"missouri","MO",29,-89.25,36.75
"987",34443,"kentucky","KY",21,-88.5,36.75
"988",34444,"kentucky","KY",21,-87.75,36.75
"989",34445,"kentucky","KY",21,-87,36.75
"990",34446,"kentucky","KY",21,-86.25,36.75
"991",34447,"kentucky","KY",21,-85.5,36.75
"992",34448,"kentucky","KY",21,-84.75,36.75
"993",34449,"kentucky","KY",21,-84,36.75
"994",34450,"kentucky","KY",21,-83.25,36.75
"995",34451,"virginia","VA",51,-82.5,36.75
"996",34452,"virginia","VA",51,-81.75,36.75
"997",34453,"virginia","VA",51,-81,36.75
"998",34454,"virginia","VA",51,-80.25,36.75
"999",34455,"virginia","VA",51,-79.5,36.75
"1000",34456,"virginia","VA",51,-78.75,36.75
"1001",34457,"virginia","VA",51,-78,36.75
"1002",34458,"virginia","VA",51,-77.25,36.75
"1003",34459,"virginia","VA",51,-76.5,36.75
"1004",34880,"california","CA",6,-120.75,36
"1005",34881,"california","CA",6,-120,36
"1006",34882,"california","CA",6,-119.25,36
"1007",34883,"california","CA",6,-118.5,36
"1008",34884,"california","CA",6,-117.75,36
"1009",34885,"california","CA",6,-117,36
"1010",34886,"california","CA",6,-116.25,36
"1011",34887,"nevada","NV",32,-115.5,36
"1012",34888,"nevada","NV",32,-114.75,36
"1013",34889,"arizona","AZ",4,-114,36
"1014",34890,"arizona","AZ",4,-113.25,36
"1015",34891,"arizona","AZ",4,-112.5,36
"1016",34892,"arizona","AZ",4,-111.75,36
"1017",34893,"arizona","AZ",4,-111,36
"1018",34894,"arizona","AZ",4,-110.25,36
"1019",34895,"arizona","AZ",4,-109.5,36
"1020",34896,"new mexico","NM",35,-108.75,36
"1021",34897,"new mexico","NM",35,-108,36
"1022",34898,"new mexico","NM",35,-107.25,36
"1023",34899,"new mexico","NM",35,-106.5,36
"1024",34900,"new mexico","NM",35,-105.75,36
"1025",34901,"new mexico","NM",35,-105,36
"1026",34902,"new mexico","NM",35,-104.25,36
"1027",34903,"new mexico","NM",35,-103.5,36
"1028",34904,"texas","TX",48,-102.75,36
"1029",34905,"texas","TX",48,-102,36
"1030",34906,"texas","TX",48,-101.25,36
"1031",34907,"texas","TX",48,-100.5,36
"1032",34908,"oklahoma","OK",40,-99.75,36
"1033",34909,"oklahoma","OK",40,-99,36
"1034",34910,"oklahoma","OK",40,-98.25,36
"1035",34911,"oklahoma","OK",40,-97.5,36
"1036",34912,"oklahoma","OK",40,-96.75,36
"1037",34913,"oklahoma","OK",40,-96,36
"1038",34914,"oklahoma","OK",40,-95.25,36
"1039",34915,"arkansas","AR",5,-94.5,36
"1040",34916,"arkansas","AR",5,-93.75,36
"1041",34917,"arkansas","AR",5,-93,36
"1042",34918,"arkansas","AR",5,-92.25,36
"1043",34919,"arkansas","AR",5,-91.5,36
"1044",34920,"arkansas","AR",5,-90.75,36
"1045",34921,"missouri","MO",29,-90,36
"1046",34922,"tennessee","TN",47,-89.25,36
"1047",34923,"tennessee","TN",47,-88.5,36
"1048",34924,"tennessee","TN",47,-87.75,36
"1049",34925,"tennessee","TN",47,-87,36
"1050",34926,"tennessee","TN",47,-86.25,36
"1051",34927,"tennessee","TN",47,-85.5,36
"1052",34928,"tennessee","TN",47,-84.75,36
"1053",34929,"tennessee","TN",47,-84,36
"1054",34930,"tennessee","TN",47,-83.25,36
"1055",34931,"tennessee","TN",47,-82.5,36
"1056",34932,"north carolina","NC",37,-81.75,36
"1057",34933,"north carolina","NC",37,-81,36
"1058",34934,"north carolina","NC",37,-80.25,36
"1059",34935,"north carolina","NC",37,-79.5,36
"1060",34936,"north carolina","NC",37,-78.75,36
"1061",34937,"north carolina","NC",37,-78,36
"1062",34938,"north carolina","NC",37,-77.25,36
"1063",35360,"california","CA",6,-120.75,35.25
"1064",35361,"california","CA",6,-120,35.25
"1065",35362,"california","CA",6,-119.25,35.25
"1066",35363,"california","CA",6,-118.5,35.25
"1067",35364,"california","CA",6,-117.75,35.25
"1068",35365,"california","CA",6,-117,35.25
"1069",35366,"california","CA",6,-116.25,35.25
"1070",35367,"california","CA",6,-115.5,35.25
"1071",35368,"nevada","NV",32,-114.75,35.25
"1072",35369,"arizona","AZ",4,-114,35.25
"1073",35370,"arizona","AZ",4,-113.25,35.25
"1074",35371,"arizona","AZ",4,-112.5,35.25
"1075",35372,"arizona","AZ",4,-111.75,35.25
"1076",35373,"arizona","AZ",4,-111,35.25
"1077",35374,"arizona","AZ",4,-110.25,35.25
"1078",35375,"arizona","AZ",4,-109.5,35.25
"1079",35376,"new mexico","NM",35,-108.75,35.25
"1080",35377,"new mexico","NM",35,-108,35.25
"1081",35378,"new mexico","NM",35,-107.25,35.25
"1082",35379,"new mexico","NM",35,-106.5,35.25
"1083",35380,"new mexico","NM",35,-105.75,35.25
"1084",35381,"new mexico","NM",35,-105,35.25
"1085",35382,"new mexico","NM",35,-104.25,35.25
"1086",35383,"new mexico","NM",35,-103.5,35.25
"1087",35384,"texas","TX",48,-102.75,35.25
"1088",35385,"texas","TX",48,-102,35.25
"1089",35386,"texas","TX",48,-101.25,35.25
"1090",35387,"texas","TX",48,-100.5,35.25
"1091",35388,"oklahoma","OK",40,-99.75,35.25
"1092",35389,"oklahoma","OK",40,-99,35.25
"1093",35390,"oklahoma","OK",40,-98.25,35.25
"1094",35391,"oklahoma","OK",40,-97.5,35.25
"1095",35392,"oklahoma","OK",40,-96.75,35.25
"1096",35393,"oklahoma","OK",40,-96,35.25
"1097",35394,"oklahoma","OK",40,-95.25,35.25
"1098",35395,"oklahoma","OK",40,-94.5,35.25
"1099",35396,"arkansas","AR",5,-93.75,35.25
"1100",35397,"arkansas","AR",5,-93,35.25
"1101",35398,"arkansas","AR",5,-92.25,35.25
"1102",35399,"arkansas","AR",5,-91.5,35.25
"1103",35400,"arkansas","AR",5,-90.75,35.25
"1104",35401,"tennessee","TN",47,-90,35.25
"1105",35402,"tennessee","TN",47,-89.25,35.25
"1106",35403,"tennessee","TN",47,-88.5,35.25
"1107",35404,"tennessee","TN",47,-87.75,35.25
"1108",35405,"tennessee","TN",47,-87,35.25
"1109",35406,"tennessee","TN",47,-86.25,35.25
"1110",35407,"tennessee","TN",47,-85.5,35.25
"1111",35408,"tennessee","TN",47,-84.75,35.25
"1112",35409,"north carolina","NC",37,-84,35.25
"1113",35410,"north carolina","NC",37,-83.25,35.25
"1114",35411,"north carolina","NC",37,-82.5,35.25
"1115",35412,"north carolina","NC",37,-81.75,35.25
"1116",35413,"north carolina","NC",37,-81,35.25
"1117",35414,"north carolina","NC",37,-80.25,35.25
"1118",35415,"north carolina","NC",37,-79.5,35.25
"1119",35416,"north carolina","NC",37,-78.75,35.25
"1120",35417,"north carolina","NC",37,-78,35.25
"1121",35418,"north carolina","NC",37,-77.25,35.25
"1122",35419,"north carolina","NC",37,-76.5,35.25
"1123",35841,"california","CA",6,-120,34.5
"1124",35842,"california","CA",6,-119.25,34.5
"1125",35843,"california","CA",6,-118.5,34.5
"1126",35844,"california","CA",6,-117.75,34.5
"1127",35845,"california","CA",6,-117,34.5
"1128",35846,"california","CA",6,-116.25,34.5
"1129",35847,"california","CA",6,-115.5,34.5
"1130",35848,"california","CA",6,-114.75,34.5
"1131",35849,"arizona","AZ",4,-114,34.5
"1132",35850,"arizona","AZ",4,-113.25,34.5
"1133",35851,"arizona","AZ",4,-112.5,34.5
"1134",35852,"arizona","AZ",4,-111.75,34.5
"1135",35853,"arizona","AZ",4,-111,34.5
"1136",35854,"arizona","AZ",4,-110.25,34.5
"1137",35855,"arizona","AZ",4,-109.5,34.5
"1138",35856,"new mexico","NM",35,-108.75,34.5
"1139",35857,"new mexico","NM",35,-108,34.5
"1140",35858,"new mexico","NM",35,-107.25,34.5
"1141",35859,"new mexico","NM",35,-106.5,34.5
"1142",35860,"new mexico","NM",35,-105.75,34.5
"1143",35861,"new mexico","NM",35,-105,34.5
"1144",35862,"new mexico","NM",35,-104.25,34.5
"1145",35863,"new mexico","NM",35,-103.5,34.5
"1146",35864,"texas","TX",48,-102.75,34.5
"1147",35865,"texas","TX",48,-102,34.5
"1148",35866,"texas","TX",48,-101.25,34.5
"1149",35867,"texas","TX",48,-100.5,34.5
"1150",35868,"oklahoma","OK",40,-99.75,34.5
"1151",35869,"oklahoma","OK",40,-99,34.5
"1152",35870,"oklahoma","OK",40,-98.25,34.5
"1153",35871,"oklahoma","OK",40,-97.5,34.5
"1154",35872,"oklahoma","OK",40,-96.75,34.5
"1155",35873,"oklahoma","OK",40,-96,34.5
"1156",35874,"oklahoma","OK",40,-95.25,34.5
"1157",35875,"oklahoma","OK",40,-94.5,34.5
"1158",35876,"arkansas","AR",5,-93.75,34.5
"1159",35877,"arkansas","AR",5,-93,34.5
"1160",35878,"arkansas","AR",5,-92.25,34.5
"1161",35879,"arkansas","AR",5,-91.5,34.5
"1162",35880,"arkansas","AR",5,-90.75,34.5
"1163",35881,"mississippi","MS",28,-90,34.5
"1164",35882,"mississippi","MS",28,-89.25,34.5
"1165",35883,"mississippi","MS",28,-88.5,34.5
"1166",35884,"alabama","AL",1,-87.75,34.5
"1167",35885,"alabama","AL",1,-87,34.5
"1168",35886,"alabama","AL",1,-86.25,34.5
"1169",35887,"georgia","GA",13,-85.5,34.5
"1170",35888,"georgia","GA",13,-84.75,34.5
"1171",35889,"georgia","GA",13,-84,34.5
"1172",35890,"georgia","GA",13,-83.25,34.5
"1173",35891,"south carolina","SC",45,-82.5,34.5
"1174",35892,"south carolina","SC",45,-81.75,34.5
"1175",35893,"south carolina","SC",45,-81,34.5
"1176",35894,"south carolina","SC",45,-80.25,34.5
"1177",35895,"south carolina","SC",45,-79.5,34.5
"1178",35896,"north carolina","NC",37,-78.75,34.5
"1179",35897,"north carolina","NC",37,-78,34.5
"1180",36324,"california","CA",6,-117.75,33.75
"1181",36325,"california","CA",6,-117,33.75
"1182",36326,"california","CA",6,-116.25,33.75
"1183",36327,"california","CA",6,-115.5,33.75
"1184",36328,"california","CA",6,-114.75,33.75
"1185",36329,"arizona","AZ",4,-114,33.75
"1186",36330,"arizona","AZ",4,-113.25,33.75
"1187",36331,"arizona","AZ",4,-112.5,33.75
"1188",36332,"arizona","AZ",4,-111.75,33.75
"1189",36333,"arizona","AZ",4,-111,33.75
"1190",36334,"arizona","AZ",4,-110.25,33.75
"1191",36335,"arizona","AZ",4,-109.5,33.75
"1192",36336,"new mexico","NM",35,-108.75,33.75
"1193",36337,"new mexico","NM",35,-108,33.75
"1194",36338,"new mexico","NM",35,-107.25,33.75
"1195",36339,"new mexico","NM",35,-106.5,33.75
"1196",36340,"new mexico","NM",35,-105.75,33.75
"1197",36341,"new mexico","NM",35,-105,33.75
"1198",36342,"new mexico","NM",35,-104.25,33.75
"1199",36343,"new mexico","NM",35,-103.5,33.75
"1200",36344,"texas","TX",48,-102.75,33.75
"1201",36345,"texas","TX",48,-102,33.75
"1202",36346,"texas","TX",48,-101.25,33.75
"1203",36347,"texas","TX",48,-100.5,33.75
"1204",36348,"texas","TX",48,-99.75,33.75
"1205",36349,"texas","TX",48,-99,33.75
"1206",36350,"texas","TX",48,-98.25,33.75
"1207",36351,"texas","TX",48,-97.5,33.75
"1208",36352,"texas","TX",48,-96.75,33.75
"1209",36353,"texas","TX",48,-96,33.75
"1210",36354,"texas","TX",48,-95.25,33.75
"1211",36355,"oklahoma","OK",40,-94.5,33.75
"1212",36356,"arkansas","AR",5,-93.75,33.75
"1213",36357,"arkansas","AR",5,-93,33.75
"1214",36358,"arkansas","AR",5,-92.25,33.75
"1215",36359,"arkansas","AR",5,-91.5,33.75
"1216",36360,"mississippi","MS",28,-90.75,33.75
"1217",36361,"mississippi","MS",28,-90,33.75
"1218",36362,"mississippi","MS",28,-89.25,33.75
"1219",36363,"mississippi","MS",28,-88.5,33.75
"1220",36364,"alabama","AL",1,-87.75,33.75
"1221",36365,"alabama","AL",1,-87,33.75
"1222",36366,"alabama","AL",1,-86.25,33.75
"1223",36367,"alabama","AL",1,-85.5,33.75
"1224",36368,"georgia","GA",13,-84.75,33.75
"1225",36369,"georgia","GA",13,-84,33.75
"1226",36370,"georgia","GA",13,-83.25,33.75
"1227",36371,"georgia","GA",13,-82.5,33.75
"1228",36372,"south carolina","SC",45,-81.75,33.75
"1229",36373,"south carolina","SC",45,-81,33.75
"1230",36374,"south carolina","SC",45,-80.25,33.75
"1231",36375,"south carolina","SC",45,-79.5,33.75
"1232",36805,"california","CA",6,-117,33
"1233",36806,"california","CA",6,-116.25,33
"1234",36807,"california","CA",6,-115.5,33
"1235",36808,"california","CA",6,-114.75,33
"1236",36809,"arizona","AZ",4,-114,33
"1237",36810,"arizona","AZ",4,-113.25,33
"1238",36811,"arizona","AZ",4,-112.5,33
"1239",36812,"arizona","AZ",4,-111.75,33
"1240",36813,"arizona","AZ",4,-111,33
"1241",36814,"arizona","AZ",4,-110.25,33
"1242",36815,"arizona","AZ",4,-109.5,33
"1243",36816,"new mexico","NM",35,-108.75,33
"1244",36817,"new mexico","NM",35,-108,33
"1245",36818,"new mexico","NM",35,-107.25,33
"1246",36819,"new mexico","NM",35,-106.5,33
"1247",36820,"new mexico","NM",35,-105.75,33
"1248",36821,"new mexico","NM",35,-105,33
"1249",36822,"new mexico","NM",35,-104.25,33
"1250",36823,"new mexico","NM",35,-103.5,33
"1251",36824,"texas","TX",48,-102.75,33
"1252",36825,"texas","TX",48,-102,33
"1253",36826,"texas","TX",48,-101.25,33
"1254",36827,"texas","TX",48,-100.5,33
"1255",36828,"texas","TX",48,-99.75,33
"1256",36829,"texas","TX",48,-99,33
"1257",36830,"texas","TX",48,-98.25,33
"1258",36831,"texas","TX",48,-97.5,33
"1259",36832,"texas","TX",48,-96.75,33
"1260",36833,"texas","TX",48,-96,33
"1261",36834,"texas","TX",48,-95.25,33
"1262",36835,"texas","TX",48,-94.5,33
"1263",36836,"louisiana","LA",22,-93.75,33
"1264",36837,"louisiana","LA",22,-93,33
"1265",36838,"louisiana","LA",22,-92.25,33
"1266",36839,"louisiana","LA",22,-91.5,33
"1267",36840,"mississippi","MS",28,-90.75,33
"1268",36841,"mississippi","MS",28,-90,33
"1269",36842,"mississippi","MS",28,-89.25,33
"1270",36843,"mississippi","MS",28,-88.5,33
"1271",36844,"alabama","AL",1,-87.75,33
"1272",36845,"alabama","AL",1,-87,33
"1273",36846,"alabama","AL",1,-86.25,33
"1274",36847,"alabama","AL",1,-85.5,33
"1275",36848,"georgia","GA",13,-84.75,33
"1276",36849,"georgia","GA",13,-84,33
"1277",36850,"georgia","GA",13,-83.25,33
"1278",36851,"georgia","GA",13,-82.5,33
"1279",36852,"georgia","GA",13,-81.75,33
"1280",36853,"south carolina","SC",45,-81,33
"1281",36854,"south carolina","SC",45,-80.25,33
"1282",37290,"arizona","AZ",4,-113.25,32.25
"1283",37291,"arizona","AZ",4,-112.5,32.25
"1284",37292,"arizona","AZ",4,-111.75,32.25
"1285",37293,"arizona","AZ",4,-111,32.25
"1286",37294,"arizona","AZ",4,-110.25,32.25
"1287",37295,"arizona","AZ",4,-109.5,32.25
"1288",37296,"new mexico","NM",35,-108.75,32.25
"1289",37297,"new mexico","NM",35,-108,32.25
"1290",37298,"new mexico","NM",35,-107.25,32.25
"1291",37299,"new mexico","NM",35,-106.5,32.25
"1292",37300,"new mexico","NM",35,-105.75,32.25
"1293",37301,"new mexico","NM",35,-105,32.25
"1294",37302,"new mexico","NM",35,-104.25,32.25
"1295",37303,"new mexico","NM",35,-103.5,32.25
"1296",37304,"texas","TX",48,-102.75,32.25
"1297",37305,"texas","TX",48,-102,32.25
"1298",37306,"texas","TX",48,-101.25,32.25
"1299",37307,"texas","TX",48,-100.5,32.25
"1300",37308,"texas","TX",48,-99.75,32.25
"1301",37309,"texas","TX",48,-99,32.25
"1302",37310,"texas","TX",48,-98.25,32.25
"1303",37311,"texas","TX",48,-97.5,32.25
"1304",37312,"texas","TX",48,-96.75,32.25
"1305",37313,"texas","TX",48,-96,32.25
"1306",37314,"texas","TX",48,-95.25,32.25
"1307",37315,"texas","TX",48,-94.5,32.25
"1308",37316,"louisiana","LA",22,-93.75,32.25
"1309",37317,"louisiana","LA",22,-93,32.25
"1310",37318,"louisiana","LA",22,-92.25,32.25
"1311",37319,"louisiana","LA",22,-91.5,32.25
"1312",37320,"mississippi","MS",28,-90.75,32.25
"1313",37321,"mississippi","MS",28,-90,32.25
"1314",37322,"mississippi","MS",28,-89.25,32.25
"1315",37323,"mississippi","MS",28,-88.5,32.25
"1316",37324,"alabama","AL",1,-87.75,32.25
"1317",37325,"alabama","AL",1,-87,32.25
"1318",37326,"alabama","AL",1,-86.25,32.25
"1319",37327,"alabama","AL",1,-85.5,32.25
"1320",37328,"georgia","GA",13,-84.75,32.25
"1321",37329,"georgia","GA",13,-84,32.25
"1322",37330,"georgia","GA",13,-83.25,32.25
"1323",37331,"georgia","GA",13,-82.5,32.25
"1324",37332,"georgia","GA",13,-81.75,32.25
"1325",37333,"south carolina","SC",45,-81,32.25
"1326",37773,"arizona","AZ",4,-111,31.5
"1327",37774,"arizona","AZ",4,-110.25,31.5
"1328",37775,"arizona","AZ",4,-109.5,31.5
"1329",37776,"new mexico","NM",35,-108.75,31.5
"1330",37780,"texas","TX",48,-105.75,31.5
"1331",37781,"texas","TX",48,-105,31.5
"1332",37782,"texas","TX",48,-104.25,31.5
"1333",37783,"texas","TX",48,-103.5,31.5
"1334",37784,"texas","TX",48,-102.75,31.5
"1335",37785,"texas","TX",48,-102,31.5
"1336",37786,"texas","TX",48,-101.25,31.5
"1337",37787,"texas","TX",48,-100.5,31.5
"1338",37788,"texas","TX",48,-99.75,31.5
"1339",37789,"texas","TX",48,-99,31.5
"1340",37790,"texas","TX",48,-98.25,31.5
"1341",37791,"texas","TX",48,-97.5,31.5
"1342",37792,"texas","TX",48,-96.75,31.5
"1343",37793,"texas","TX",48,-96,31.5
"1344",37794,"texas","TX",48,-95.25,31.5
"1345",37795,"texas","TX",48,-94.5,31.5
"1346",37796,"texas","TX",48,-93.75,31.5
"1347",37797,"louisiana","LA",22,-93,31.5
"1348",37798,"louisiana","LA",22,-92.25,31.5
"1349",37799,"mississippi","MS",28,-91.5,31.5
"1350",37800,"mississippi","MS",28,-90.75,31.5
"1351",37801,"mississippi","MS",28,-90,31.5
"1352",37802,"mississippi","MS",28,-89.25,31.5
"1353",37803,"mississippi","MS",28,-88.5,31.5
"1354",37804,"alabama","AL",1,-87.75,31.5
"1355",37805,"alabama","AL",1,-87,31.5
"1356",37806,"alabama","AL",1,-86.25,31.5
"1357",37807,"alabama","AL",1,-85.5,31.5
"1358",37808,"georgia","GA",13,-84.75,31.5
"1359",37809,"georgia","GA",13,-84,31.5
"1360",37810,"georgia","GA",13,-83.25,31.5
"1361",37811,"georgia","GA",13,-82.5,31.5
"1362",37812,"georgia","GA",13,-81.75,31.5
"1363",38261,"texas","TX",48,-105,30.75
"1364",38262,"texas","TX",48,-104.25,30.75
"1365",38263,"texas","TX",48,-103.5,30.75
"1366",38264,"texas","TX",48,-102.75,30.75
"1367",38265,"texas","TX",48,-102,30.75
"1368",38266,"texas","TX",48,-101.25,30.75
"1369",38267,"texas","TX",48,-100.5,30.75
"1370",38268,"texas","TX",48,-99.75,30.75
"1371",38269,"texas","TX",48,-99,30.75
"1372",38270,"texas","TX",48,-98.25,30.75
"1373",38271,"texas","TX",48,-97.5,30.75
"1374",38272,"texas","TX",48,-96.75,30.75
"1375",38273,"texas","TX",48,-96,30.75
"1376",38274,"texas","TX",48,-95.25,30.75
"1377",38275,"texas","TX",48,-94.5,30.75
"1378",38276,"texas","TX",48,-93.75,30.75
"1379",38277,"louisiana","LA",22,-93,30.75
"1380",38278,"louisiana","LA",22,-92.25,30.75
"1381",38279,"louisiana","LA",22,-91.5,30.75
"1382",38280,"louisiana","LA",22,-90.75,30.75
"1383",38281,"louisiana","LA",22,-90,30.75
"1384",38282,"mississippi","MS",28,-89.25,30.75
"1385",38283,"mississippi","MS",28,-88.5,30.75
"1386",38284,"alabama","AL",1,-87.75,30.75
"1387",38285,"florida","FL",12,-87,30.75
"1388",38286,"florida","FL",12,-86.25,30.75
"1389",38287,"florida","FL",12,-85.5,30.75
"1390",38288,"georgia","GA",13,-84.75,30.75
"1391",38289,"georgia","GA",13,-84,30.75
"1392",38290,"georgia","GA",13,-83.25,30.75
"1393",38291,"georgia","GA",13,-82.5,30.75
"1394",38292,"florida","FL",12,-81.75,30.75
"1395",38742,"texas","TX",48,-104.25,30
"1396",38743,"texas","TX",48,-103.5,30
"1397",38744,"texas","TX",48,-102.75,30
"1398",38745,"texas","TX",48,-102,30
"1399",38746,"texas","TX",48,-101.25,30
"1400",38747,"texas","TX",48,-100.5,30
"1401",38748,"texas","TX",48,-99.75,30
"1402",38749,"texas","TX",48,-99,30
"1403",38750,"texas","TX",48,-98.25,30
"1404",38751,"texas","TX",48,-97.5,30
"1405",38752,"texas","TX",48,-96.75,30
"1406",38753,"texas","TX",48,-96,30
"1407",38754,"texas","TX",48,-95.25,30
"1408",38755,"texas","TX",48,-94.5,30
"1409",38756,"louisiana","LA",22,-93.75,30
"1410",38757,"louisiana","LA",22,-93,30
"1411",38758,"louisiana","LA",22,-92.25,30
"1412",38759,"louisiana","LA",22,-91.5,30
"1413",38760,"louisiana","LA",22,-90.75,30
"1414",38761,"louisiana","LA",22,-90,30
"1415",38762,"louisiana","LA",22,-89.25,30
"1416",38767,"florida","FL",12,-85.5,30
"1417",38768,"florida","FL",12,-84.75,30
"1418",38770,"florida","FL",12,-83.25,30
"1419",38771,"florida","FL",12,-82.5,30
"1420",38772,"florida","FL",12,-81.75,30
"1421",39223,"texas","TX",48,-103.5,29.25
"1422",39227,"texas","TX",48,-100.5,29.25
"1423",39228,"texas","TX",48,-99.75,29.25
"1424",39229,"texas","TX",48,-99,29.25
"1425",39230,"texas","TX",48,-98.25,29.25
"1426",39231,"texas","TX",48,-97.5,29.25
"1427",39232,"texas","TX",48,-96.75,29.25
"1428",39233,"texas","TX",48,-96,29.25
"1429",39234,"texas","TX",48,-95.25,29.25
"1430",39240,"louisiana","LA",22,-90.75,29.25
"1431",39242,"louisiana","LA",22,-89.25,29.25
"1432",39251,"florida","FL",12,-82.5,29.25
"1433",39252,"florida","FL",12,-81.75,29.25
"1434",39708,"texas","TX",48,-99.75,28.5
"1435",39709,"texas","TX",48,-99,28.5
"1436",39710,"texas","TX",48,-98.25,28.5
"1437",39711,"texas","TX",48,-97.5,28.5
"1438",39712,"texas","TX",48,-96.75,28.5
"1439",39731,"florida","FL",12,-82.5,28.5
"1440",39732,"florida","FL",12,-81.75,28.5
"1441",39733,"florida","FL",12,-81,28.5
"1442",40188,"texas","TX",48,-99.75,27.75
"1443",40189,"texas","TX",48,-99,27.75
"1444",40190,"texas","TX",48,-98.25,27.75
"1445",40191,"texas","TX",48,-97.5,27.75
"1446",40212,"florida","FL",12,-81.75,27.75
"1447",40213,"florida","FL",12,-81,27.75
"1448",40669,"texas","TX",48,-99,27
"1449",40670,"texas","TX",48,-98.25,27
"1450",40692,"florida","FL",12,-81.75,27
"1451",40693,"florida","FL",12,-81,27
"1452",40694,"florida","FL",12,-80.25,27
"1453",41150,"texas","TX",48,-98.25,26.25
"1454",41151,"texas","TX",48,-97.5,26.25
"1455",41172,"florida","FL",12,-81.75,26.25
"1456",41173,"florida","FL",12,-81,26.25
"1457",41174,"florida","FL",12,-80.25,26.25
"1458",41653,"florida","FL",12,-81,25.5
"129",31103,"connecticut","CT",9,-73.5,42
"235",31104,"connecticut","CT",9,-72.75,42
"355",31105,"connecticut","CT",9,-72,42
"417",31583,"connecticut","CT",9,-73.5,41.25
"547",33018,"washington dc","DC",11,-77.25,39
"618",32540,"delaware","DE",10,-75.75,39.75
"751",33020,"delaware","DE",10,-75.75,39
"814",30624,"massachusetts","MA",25,-72.75,42.75
"9100",30625,"massachusetts","MA",25,-72,42.75
"10100",30626,"massachusetts","MA",25,-71.25,42.75
"11100",31104,"massachusetts","MA",25,-72.75,42
"12100",31105,"massachusetts","MA",25,-72,42
"13100",31106,"massachusetts","MA",25,-71.25,42
"1459",33016,"maryland","MD",24,-78.75,39
"1510",33017,"maryland","MD",24,-78,39
"1610",33020,"maryland","MD",24,-75.75,39
"1710",33499,"maryland","MD",24,-76.5,38.25
"182",33500,"maryland","MD",24,-75.75,38.25
"1910",27749,"maine","ME",23,-69,47.25
"2010",27750,"maine","ME",23,-68.25,47.25
"2110",27751,"maine","ME",23,-67.5,47.25
"2210",28227,"maine","ME",23,-70.5,46.5
"236",28228,"maine","ME",23,-69.75,46.5
"2410",28229,"maine","ME",23,-69,46.5
"2510",28230,"maine","ME",23,-68.25,46.5
"2610",28231,"maine","ME",23,-67.5,46.5
"2710",28707,"maine","ME",23,-70.5,45.75
"2810",28708,"maine","ME",23,-69.75,45.75
"291",28709,"maine","ME",23,-69,45.75
"3010",28710,"maine","ME",23,-68.25,45.75
"3110",28711,"maine","ME",23,-67.5,45.75
"3210",29187,"maine","ME",23,-70.5,45
"3310",29188,"maine","ME",23,-69.75,45
"3410",29189,"maine","ME",23,-69,45
"356",29190,"maine","ME",23,-68.25,45
"3610",29191,"maine","ME",23,-67.5,45
"3710",29667,"maine","ME",23,-70.5,44.25
"3810",29668,"maine","ME",23,-69.75,44.25
"3910",29669,"maine","ME",23,-69,44.25
"4010",30147,"maine","ME",23,-70.5,43.5
"418",29185,"new hampshire","NH",33,-72,45
"4210",29186,"new hampshire","NH",33,-71.25,45
"4310",29665,"new hampshire","NH",33,-72,44.25
"4410",29666,"new hampshire","NH",33,-71.25,44.25
"4510",30145,"new hampshire","NH",33,-72,43.5
"4610",30146,"new hampshire","NH",33,-71.25,43.5
"4710",30625,"new hampshire","NH",33,-72,42.75
"481",30626,"new hampshire","NH",33,-71.25,42.75
"4910",31581,"new jersey","NJ",34,-75,41.25
"5010",32061,"new jersey","NJ",34,-75,40.5
"5110",32062,"new jersey","NJ",34,-74.25,40.5
"5210",32541,"new jersey","NJ",34,-75,39.75
"5310",32542,"new jersey","NJ",34,-74.25,39.75
"548",31106,"rhode island","RI",44,-71.25,42
"5510",29184,"vermont","VT",50,-72.75,45
"5610",29185,"vermont","VT",50,-72,45
"5710",29664,"vermont","VT",50,-72.75,44.25
"5810",29665,"vermont","VT",50,-72,44.25
"5910",30144,"vermont","VT",50,-72.75,43.5
"6010",30145,"vermont","VT",50,-72,43.5
"6110",30624,"vermont","VT",50,-72.75,42.75
"6210",30625,"vermont","VT",50,-72,42.75
